shape_class,mode,threads,tensor_shape,speedup_vs_serial,efficiency,gflops
square,cuda,1,250x250x5,1.2615918645,1.2615918645,0.0053371772
square,hybrid,64,5000x5000x100,18.6565522859,0.2915086294671875,0.0254566745
square,omp,64,5000x5000x100,18.500519496,0.289070617125,0.0252437693
tall,cuda,1,200x100x3,1.3732106339,1.3732106339,0.0043580494
tall,hybrid,72,4375x3500x70,16.4648807453,0.2286788992402778,0.0263685914
tall,omp,36,6250x5000x100,17.9535269837,0.4987090828805556,0.0240206154
wide,cuda,1,100x200x3,1.3771832862,1.3771832862,0.0041443141
wide,hybrid,72,3500x4375x70,16.8567850759,0.23412201494305554,0.0267662746
wide,omp,72,3500x4375x70,16.694190348,0.23186375483333332,0.0265080963
