mode,shape_class,tensor_shape,min_time_sec,max_time_sec,sweep_load_imbalance,best_threads,worst_threads
omp,square,100x100x3,0.000234083,0.00160378,5.851330511,2,72
hybrid,square,100x100x3,0.000181773,0.0028369,14.6068282968,1,32
omp,tall,200x100x3,0.000260596,0.00171695,5.5885508603,1,72
hybrid,tall,200x100x3,0.000340198,0.00230629,5.7792579615,1,72
omp,wide,100x200x3,0.000292456,0.00292248,8.992887819,4,64
hybrid,wide,100x200x3,0.000293117,0.00231738,6.9059897584,1,72
omp,square,250x250x5,0.0015241,0.0039104,1.5657109114,8,1
hybrid,square,250x250x5,0.00134771,0.00405901,2.0117829503,8,72
omp,tall,500x250x5,0.00265659,0.00656199,1.470080065,8,1
hybrid,tall,500x250x5,0.00239239,0.00583622,1.4394935608,8,72
omp,wide,250x500x5,0.00273607,0.00605865,1.2143622056,8,1
hybrid,wide,250x500x5,0.002602,0.00612321,1.3532705611,8,1
omp,square,500x500x10,0.0110464,0.0500412,3.5300912514,16,1
hybrid,square,500x500x10,0.012169,0.0503236,3.1353932123,16,1
omp,tall,1000x500x10,0.0223453,0.114982,4.1456905927,16,1
hybrid,tall,1000x500x10,0.0223385,0.115047,4.1501667525,16,1
omp,wide,500x1000x10,0.0234853,0.116279,3.9511396491,16,1
hybrid,wide,500x1000x10,0.0227727,0.118123,4.1870441362,16,1
omp,square,1000x1000x20,0.172374,1.14392,5.6362676506,32,1
hybrid,square,1000x1000x20,0.171316,1.12747,5.5812300077,36,1
omp,tall,1500x1000x20,0.268843,1.91441,6.1209218763,32,1
hybrid,tall,1500x1000x20,0.265303,1.91193,6.2065902006,32,1
omp,wide,1000x1500x20,0.259641,1.78228,5.8644012309,36,1
hybrid,wide,1000x1500x20,0.259792,1.75533,5.7566745704,32,1
omp,square,2000x2000x40,2.57158,24.2046,8.4123457174,64,1
hybrid,square,2000x2000x40,2.55462,24.432,8.5638490265,72,1
omp,tall,2666x2000x40,3.3676,35.0432,9.4059864592,72,1
hybrid,tall,2666x2000x40,3.46082,35.1196,9.1477684479,64,1
omp,wide,2000x2666x40,3.38916,35.0736,9.3487589845,64,1
hybrid,wide,2000x2666x40,3.39062,34.7983,9.2631082221,64,1
omp,square,3500x3500x70,22.3026,353.89,14.8676566858,72,1
hybrid,square,3500x3500x70,21.9727,351.395,14.9923450464,72,1
omp,tall,4375x3500x70,28.3632,475.965,15.7810754781,72,1
hybrid,tall,4375x3500x70,28.4559,474.379,15.6706728657,72,1
omp,wide,3500x4375x70,28.3029,468.516,15.5536393797,72,1
hybrid,wide,3500x4375x70,28.0299,463.035,15.5193240076,72,1
omp,square,5000x5000x100,99.0383,1829.71,17.4747718812,64,1
hybrid,square,5000x5000x100,98.21,1803.16,17.3602484472,64,1
