shape_class,mode,input_compression_dense_to_coo,input_compression_dense_to_ell,input_compression_dense_to_active,input_ell_slot_utilization,memory_ratio_working_vs_dense
square,cuda,33.3333,31.4465,33.3333,0.471698,0.020099996052111362
square,hybrid,33.3333,31.4465,33.3333,0.471698,0.020099996052111362
square,omp,33.3333,31.4465,33.3333,0.471698,0.020099996052111362
square,serial,33.3333,31.4465,33.3333,0.471698,0.020099996052111362
tall,cuda,33.3333,30.3721,33.3333,0.455581,0.018862885679083546
tall,hybrid,33.3333,27.623849999999997,33.3333,0.41435750000000005,0.018609764517863454
tall,omp,33.3333,30.3721,33.3333,0.455581,0.018862885679083546
tall,serial,33.3333,30.3721,33.3333,0.455581,0.018862885679083546
wide,cuda,33.3333,28.64315,33.3333,0.4296475,0.018609764517863454
wide,hybrid,33.3333,28.64315,33.3333,0.4296475,0.018609764517863454
wide,omp,33.3333,28.64315,33.3333,0.4296475,0.018609764517863454
wide,serial,33.3333,28.64315,33.3333,0.4296475,0.018609764517863454
