case,mode,threads_or_ratio,tensor_shape,storage_size,sparsity,input_mem_mib,working_set_mem_mib,dense_equiv_working_set_mem_mib,time_sec,speedup_vs_serial,input_slices_ell,input_slices_coo,input_dense_mem_mib,input_coo_mem_mib,input_ell_mem_mib,input_active_mem_mib,input_compression_dense_to_coo,input_compression_dense_to_ell,input_compression_dense_to_active,input_ell_slot_utilization
case1_sparse_omp,omp,1,2000x2000x20,80000000,0.995000,18.311,18.356,1831.055,4.303355,NA,0,20,610.352,9.15527,10.3226,9.15527,66.6667,59.1279,66.6667,0.443459
case1_sparse_omp,omp,2,2000x2000x20,80000000,0.995000,18.311,18.356,1831.055,2.352908,NA,0,20,610.352,9.15527,10.3226,9.15527,66.6667,59.1279,66.6667,0.443459
case1_sparse_omp,omp,4,2000x2000x20,80000000,0.995000,18.311,18.356,1831.055,1.607814,NA,0,20,610.352,9.15527,10.3226,9.15527,66.6667,59.1279,66.6667,0.443459
case1_sparse_omp,omp,8,2000x2000x20,80000000,0.995000,18.311,18.356,1831.055,1.050532,NA,0,20,610.352,9.15527,10.3226,9.15527,66.6667,59.1279,66.6667,0.443459
case1_sparse_omp,omp,16,2000x2000x20,80000000,0.995000,18.311,18.356,1831.055,.860691,NA,0,20,610.352,9.15527,10.3226,9.15527,66.6667,59.1279,66.6667,0.443459
case1_sparse_omp,omp,32,2000x2000x20,80000000,0.995000,18.311,18.356,1831.055,.743428,NA,0,20,610.352,9.15527,10.3226,9.15527,66.6667,59.1279,66.6667,0.443459
case1_sparse_omp,omp,36,2000x2000x20,80000000,0.995000,18.311,18.356,1831.055,.780111,NA,0,20,610.352,9.15527,10.3226,9.15527,66.6667,59.1279,66.6667,0.443459
case2_dense_compare,serial,1,4000x4000x12,192000000,0.000000,8789.062,13183.594,4394.531,2992.529227,1.0000,12,0,1464.84,4394.53,2197.27,2197.27,0.333333,0.666667,0.666667,1
case2_dense_compare,cuda,1,4000x4000x12,192000000,0.000000,8789.062,13183.594,4394.531,807.653542,3.7052,12,0,1464.84,4394.53,2197.27,2197.27,0.333333,0.666667,0.666667,1
case3_large_sparse_omp,omp,1,8000x8000x24,1536000000,0.999000,70.312,70.348,35156.250,14.396994,NA,0,24,11718.8,35.1562,46.1426,35.1562,333.333,253.968,333.333,0.380952
case3_large_sparse_omp,omp,2,8000x8000x24,1536000000,0.999000,70.312,70.348,35156.250,9.039144,NA,0,24,11718.8,35.1562,46.1426,35.1562,333.333,253.968,333.333,0.380952
case3_large_sparse_omp,omp,4,8000x8000x24,1536000000,0.999000,70.312,70.348,35156.250,5.520543,NA,0,24,11718.8,35.1562,46.1426,35.1562,333.333,253.968,333.333,0.380952
case3_large_sparse_omp,omp,8,8000x8000x24,1536000000,0.999000,70.312,70.348,35156.250,3.418097,NA,0,24,11718.8,35.1562,46.1426,35.1562,333.333,253.968,333.333,0.380952
case3_large_sparse_omp,omp,16,8000x8000x24,1536000000,0.999000,70.312,70.348,35156.250,2.718551,NA,0,24,11718.8,35.1562,46.1426,35.1562,333.333,253.968,333.333,0.380952
case3_large_sparse_omp,omp,32,8000x8000x24,1536000000,0.999000,70.312,70.348,35156.250,2.227118,NA,0,24,11718.8,35.1562,46.1426,35.1562,333.333,253.968,333.333,0.380952
case3_large_sparse_omp,omp,36,8000x8000x24,1536000000,0.999000,70.312,70.348,35156.250,2.263446,NA,0,24,11718.8,35.1562,46.1426,35.1562,333.333,253.968,333.333,0.380952
case4_hybrid_ratio_scan,hybrid,0.3,6000x6000x16,576000000,0.990000,263.672,264.990,13183.594,71.129702,NA,0,16,4394.53,131.836,99.0143,131.836,33.3333,44.3828,33.3333,0.665742
case4_hybrid_ratio_scan,hybrid,0.5,6000x6000x16,576000000,0.990000,263.672,264.990,13183.594,70.517292,NA,0,16,4394.53,131.836,99.0143,131.836,33.3333,44.3828,33.3333,0.665742
case4_hybrid_ratio_scan,hybrid,0.7,6000x6000x16,576000000,0.990000,263.672,264.990,13183.594,70.420964,NA,0,16,4394.53,131.836,99.0143,131.836,33.3333,44.3828,33.3333,0.665742
