density_combo,operation,mode,storage_format,tensor_shape,storage_size,sparsity_a,sparsity_b,input_mem_mib,working_set_mem_mib,dense_equiv_working_set_mem_mib,time_sec,executions_total,input_slices_ell,input_slices_coo,input_dense_mem_mib,input_coo_mem_mib,input_ell_mem_mib,input_active_mem_mib,input_compression_dense_to_coo,input_compression_dense_to_ell,input_compression_dense_to_active,input_ell_slot_utilization
sparse_sparse,hadamard,serial,auto,1000x1000x10,10000000,0.995000,0.995000,2.289,2.295,228.882,.506313,1,0,10,76.2939,1.14441,1.54495,1.14441,66.6667,49.3827,66.6667,0.37037
sparse_sparse,hadamard,openmp,auto,1000x1000x10,10000000,0.995000,0.995000,2.289,2.295,228.882,.374689,1,0,10,76.2939,1.14441,1.54495,1.14441,66.6667,49.3827,66.6667,0.37037
sparse_sparse,hadamard,cuda,auto,1000x1000x10,10000000,0.995000,0.995000,2.289,2.295,228.882,.406137,1,0,10,76.2939,1.14441,1.54495,1.14441,66.6667,49.3827,66.6667,0.37037
sparse_sparse,hadamard,hybrid,auto,1000x1000x10,10000000,0.995000,0.995000,2.289,2.295,228.882,.427789,1,0,10,76.2939,1.14441,1.54495,1.14441,66.6667,49.3827,66.6667,0.37037
sparse_sparse,qr,serial,coo,1000x1000x10,10000000,0.995000,0.995000,2.289,2.295,228.882,30.981698,1,0,10,76.2939,5.64528,8.28552,5.64528,13.5146,9.2081,13.5146,0.340671
sparse_sparse,qr,openmp,coo,1000x1000x10,10000000,0.995000,0.995000,2.289,2.295,228.882,3.740105,1,0,10,76.2939,5.64528,8.28552,5.64528,13.5146,9.2081,13.5146,0.340671
sparse_sparse,qr,cuda,coo,1000x1000x10,10000000,0.995000,0.995000,2.289,2.295,228.882,29.814984,1,0,10,76.2939,5.64528,8.28552,5.64528,13.5146,9.2081,13.5146,0.340671
sparse_sparse,qr,hybrid,coo,1000x1000x10,10000000,0.995000,0.995000,2.289,2.295,228.882,17.303098,1,0,10,76.2939,5.64528,8.28552,5.64528,13.5146,9.2081,13.5146,0.340671
sparse_sparse,qr,serial,ell,1000x1000x10,10000000,0.995000,0.995000,2.289,2.295,228.882,29.815673,1,10,0,76.2939,5.64528,8.28552,8.28552,13.5146,9.2081,9.2081,0.340671
sparse_sparse,qr,openmp,ell,1000x1000x10,10000000,0.995000,0.995000,2.289,2.295,228.882,3.764102,1,10,0,76.2939,5.64528,8.28552,8.28552,13.5146,9.2081,9.2081,0.340671
sparse_sparse,qr,cuda,ell,1000x1000x10,10000000,0.995000,0.995000,2.289,2.295,228.882,29.912735,1,10,0,76.2939,5.64528,8.28552,8.28552,13.5146,9.2081,9.2081,0.340671
sparse_sparse,qr,hybrid,ell,1000x1000x10,10000000,0.995000,0.995000,2.289,2.295,228.882,16.440652,1,10,0,76.2939,5.64528,8.28552,8.28552,13.5146,9.2081,9.2081,0.340671
sparse_sparse,svd,serial,coo,1000x1000x10,10000000,0.995000,0.995000,2.289,2.295,228.882,36.662942,1,0,10,76.2939,5.64528,8.28552,5.64528,13.5146,9.2081,13.5146,0.340671
sparse_sparse,svd,openmp,coo,1000x1000x10,10000000,0.995000,0.995000,2.289,2.295,228.882,4.658559,1,0,10,76.2939,5.64528,8.28552,5.64528,13.5146,9.2081,13.5146,0.340671
sparse_sparse,svd,cuda,coo,1000x1000x10,10000000,0.995000,0.995000,2.289,2.295,228.882,37.088140,1,0,10,76.2939,5.64528,8.28552,5.64528,13.5146,9.2081,13.5146,0.340671
sparse_sparse,svd,hybrid,coo,1000x1000x10,10000000,0.995000,0.995000,2.289,2.295,228.882,19.418334,1,0,10,76.2939,5.64528,8.28552,5.64528,13.5146,9.2081,13.5146,0.340671
sparse_sparse,svd,serial,ell,1000x1000x10,10000000,0.995000,0.995000,2.289,2.295,228.882,36.730502,1,10,0,76.2939,5.64528,8.28552,8.28552,13.5146,9.2081,9.2081,0.340671
sparse_sparse,svd,openmp,ell,1000x1000x10,10000000,0.995000,0.995000,2.289,2.295,228.882,4.696741,1,10,0,76.2939,5.64528,8.28552,8.28552,13.5146,9.2081,9.2081,0.340671
sparse_sparse,svd,cuda,ell,1000x1000x10,10000000,0.995000,0.995000,2.289,2.295,228.882,37.122781,1,10,0,76.2939,5.64528,8.28552,8.28552,13.5146,9.2081,9.2081,0.340671
sparse_sparse,svd,hybrid,ell,1000x1000x10,10000000,0.995000,0.995000,2.289,2.295,228.882,19.504024,1,10,0,76.2939,5.64528,8.28552,8.28552,13.5146,9.2081,9.2081,0.340671
dense_dense,hadamard,serial,auto,1000x1000x10,10000000,0.000000,0.000000,457.764,686.646,228.882,52.279535,1,10,0,76.2939,228.882,114.441,114.441,0.333333,0.666667,0.666667,1
dense_dense,hadamard,openmp,auto,1000x1000x10,10000000,0.000000,0.000000,457.764,686.646,228.882,28.490042,1,10,0,76.2939,228.882,114.441,114.441,0.333333,0.666667,0.666667,1
dense_dense,hadamard,cuda,auto,1000x1000x10,10000000,0.000000,0.000000,457.764,686.646,228.882,25.300479,1,10,0,76.2939,228.882,114.441,114.441,0.333333,0.666667,0.666667,1
dense_dense,hadamard,hybrid,auto,1000x1000x10,10000000,0.000000,0.000000,457.764,686.646,228.882,28.936027,1,10,0,76.2939,228.882,114.441,114.441,0.333333,0.666667,0.666667,1
dense_dense,qr,serial,coo,1000x1000x10,10000000,0.000000,0.000000,457.764,686.646,228.882,39.501301,1,0,10,76.2939,228.882,114.441,228.882,0.333333,0.666667,0.333333,1
dense_dense,qr,openmp,coo,1000x1000x10,10000000,0.000000,0.000000,457.764,686.646,228.882,12.495354,1,0,10,76.2939,228.882,114.441,228.882,0.333333,0.666667,0.333333,1
dense_dense,qr,cuda,coo,1000x1000x10,10000000,0.000000,0.000000,457.764,686.646,228.882,38.715080,1,0,10,76.2939,228.882,114.441,228.882,0.333333,0.666667,0.333333,1
dense_dense,qr,hybrid,coo,1000x1000x10,10000000,0.000000,0.000000,457.764,686.646,228.882,25.397062,1,0,10,76.2939,228.882,114.441,228.882,0.333333,0.666667,0.333333,1
dense_dense,qr,serial,ell,1000x1000x10,10000000,0.000000,0.000000,457.764,686.646,228.882,38.899827,1,10,0,76.2939,228.882,114.441,114.441,0.333333,0.666667,0.666667,1
dense_dense,qr,openmp,ell,1000x1000x10,10000000,0.000000,0.000000,457.764,686.646,228.882,13.675778,1,10,0,76.2939,228.882,114.441,114.441,0.333333,0.666667,0.666667,1
dense_dense,qr,cuda,ell,1000x1000x10,10000000,0.000000,0.000000,457.764,686.646,228.882,40.307027,1,10,0,76.2939,228.882,114.441,114.441,0.333333,0.666667,0.666667,1
dense_dense,qr,hybrid,ell,1000x1000x10,10000000,0.000000,0.000000,457.764,686.646,228.882,26.280629,1,10,0,76.2939,228.882,114.441,114.441,0.333333,0.666667,0.666667,1
dense_dense,svd,serial,coo,1000x1000x10,10000000,0.000000,0.000000,457.764,686.646,228.882,66.586498,1,0,10,76.2939,228.882,114.441,228.882,0.333333,0.666667,0.333333,1
dense_dense,svd,openmp,coo,1000x1000x10,10000000,0.000000,0.000000,457.764,686.646,228.882,16.383662,1,0,10,76.2939,228.882,114.441,228.882,0.333333,0.666667,0.333333,1
dense_dense,svd,cuda,coo,1000x1000x10,10000000,0.000000,0.000000,457.764,686.646,228.882,66.934555,1,0,10,76.2939,228.882,114.441,228.882,0.333333,0.666667,0.333333,1
dense_dense,svd,hybrid,coo,1000x1000x10,10000000,0.000000,0.000000,457.764,686.646,228.882,40.099387,1,0,10,76.2939,228.882,114.441,228.882,0.333333,0.666667,0.333333,1
dense_dense,svd,serial,ell,1000x1000x10,10000000,0.000000,0.000000,457.764,686.646,228.882,66.620386,1,10,0,76.2939,228.882,114.441,114.441,0.333333,0.666667,0.666667,1
dense_dense,svd,openmp,ell,1000x1000x10,10000000,0.000000,0.000000,457.764,686.646,228.882,16.557659,1,10,0,76.2939,228.882,114.441,114.441,0.333333,0.666667,0.666667,1
dense_dense,svd,cuda,ell,1000x1000x10,10000000,0.000000,0.000000,457.764,686.646,228.882,67.209510,1,10,0,76.2939,228.882,114.441,114.441,0.333333,0.666667,0.666667,1
dense_dense,svd,hybrid,ell,1000x1000x10,10000000,0.000000,0.000000,457.764,686.646,228.882,40.324400,1,10,0,76.2939,228.882,114.441,114.441,0.333333,0.666667,0.666667,1
sparse_dense,hadamard,serial,auto,1000x1000x10,10000000,0.995000,0.000000,230.026,231.171,228.882,23.627009,1,0,10,76.2939,1.14441,1.52206,1.14441,66.6667,50.1253,66.6667,0.37594
sparse_dense,hadamard,openmp,auto,1000x1000x10,10000000,0.995000,0.000000,230.026,231.171,228.882,17.474861,1,0,10,76.2939,1.14441,1.52206,1.14441,66.6667,50.1253,66.6667,0.37594
sparse_dense,hadamard,cuda,auto,1000x1000x10,10000000,0.995000,0.000000,230.026,231.171,228.882,19.092290,1,0,10,76.2939,1.14441,1.52206,1.14441,66.6667,50.1253,66.6667,0.37594
sparse_dense,hadamard,hybrid,auto,1000x1000x10,10000000,0.995000,0.000000,230.026,231.171,228.882,19.710317,1,0,10,76.2939,1.14441,1.52206,1.14441,66.6667,50.1253,66.6667,0.37594
sparse_dense,qr,serial,coo,1000x1000x10,10000000,0.995000,0.000000,230.026,231.171,228.882,38.124532,1,0,10,76.2939,227.325,114.441,227.325,0.335616,0.666667,0.335616,0.9932
sparse_dense,qr,openmp,coo,1000x1000x10,10000000,0.995000,0.000000,230.026,231.171,228.882,12.078555,1,0,10,76.2939,227.325,114.441,227.325,0.335616,0.666667,0.335616,0.9932
sparse_dense,qr,cuda,coo,1000x1000x10,10000000,0.995000,0.000000,230.026,231.171,228.882,38.511179,1,0,10,76.2939,227.325,114.441,227.325,0.335616,0.666667,0.335616,0.9932
sparse_dense,qr,hybrid,coo,1000x1000x10,10000000,0.995000,0.000000,230.026,231.171,228.882,25.884951,1,0,10,76.2939,227.325,114.441,227.325,0.335616,0.666667,0.335616,0.9932
sparse_dense,qr,serial,ell,1000x1000x10,10000000,0.995000,0.000000,230.026,231.171,228.882,38.729523,1,10,0,76.2939,227.325,114.441,114.441,0.335616,0.666667,0.666667,0.9932
sparse_dense,qr,openmp,ell,1000x1000x10,10000000,0.995000,0.000000,230.026,231.171,228.882,13.233232,1,10,0,76.2939,227.325,114.441,114.441,0.335616,0.666667,0.666667,0.9932
sparse_dense,qr,cuda,ell,1000x1000x10,10000000,0.995000,0.000000,230.026,231.171,228.882,38.875354,1,10,0,76.2939,227.325,114.441,114.441,0.335616,0.666667,0.666667,0.9932
sparse_dense,qr,hybrid,ell,1000x1000x10,10000000,0.995000,0.000000,230.026,231.171,228.882,25.984834,1,10,0,76.2939,227.325,114.441,114.441,0.335616,0.666667,0.666667,0.9932
sparse_dense,svd,serial,coo,1000x1000x10,10000000,0.995000,0.000000,230.026,231.171,228.882,65.961281,1,0,10,76.2939,227.325,114.441,227.325,0.335616,0.666667,0.335616,0.9932
sparse_dense,svd,openmp,coo,1000x1000x10,10000000,0.995000,0.000000,230.026,231.171,228.882,16.032565,1,0,10,76.2939,227.325,114.441,227.325,0.335616,0.666667,0.335616,0.9932
sparse_dense,svd,cuda,coo,1000x1000x10,10000000,0.995000,0.000000,230.026,231.171,228.882,66.426516,1,0,10,76.2939,227.325,114.441,227.325,0.335616,0.666667,0.335616,0.9932
sparse_dense,svd,hybrid,coo,1000x1000x10,10000000,0.995000,0.000000,230.026,231.171,228.882,39.597450,1,0,10,76.2939,227.325,114.441,227.325,0.335616,0.666667,0.335616,0.9932
sparse_dense,svd,serial,ell,1000x1000x10,10000000,0.995000,0.000000,230.026,231.171,228.882,66.243925,1,10,0,76.2939,227.325,114.441,114.441,0.335616,0.666667,0.666667,0.9932
sparse_dense,svd,openmp,ell,1000x1000x10,10000000,0.995000,0.000000,230.026,231.171,228.882,16.037921,1,10,0,76.2939,227.325,114.441,114.441,0.335616,0.666667,0.666667,0.9932
sparse_dense,svd,cuda,ell,1000x1000x10,10000000,0.995000,0.000000,230.026,231.171,228.882,66.582668,1,10,0,76.2939,227.325,114.441,114.441,0.335616,0.666667,0.666667,0.9932
sparse_dense,svd,hybrid,ell,1000x1000x10,10000000,0.995000,0.000000,230.026,231.171,228.882,39.872983,1,10,0,76.2939,227.325,114.441,114.441,0.335616,0.666667,0.666667,0.9932
dense_sparse,hadamard,serial,auto,1000x1000x10,10000000,0.000000,0.995000,230.026,231.171,228.882,44.611256,1,10,0,76.2939,228.882,114.441,114.441,0.333333,0.666667,0.666667,1
dense_sparse,hadamard,openmp,auto,1000x1000x10,10000000,0.000000,0.995000,230.026,231.171,228.882,20.273612,1,10,0,76.2939,228.882,114.441,114.441,0.333333,0.666667,0.666667,1
dense_sparse,hadamard,cuda,auto,1000x1000x10,10000000,0.000000,0.995000,230.026,231.171,228.882,18.988230,1,10,0,76.2939,228.882,114.441,114.441,0.333333,0.666667,0.666667,1
dense_sparse,hadamard,hybrid,auto,1000x1000x10,10000000,0.000000,0.995000,230.026,231.171,228.882,18.804805,1,10,0,76.2939,228.882,114.441,114.441,0.333333,0.666667,0.666667,1
dense_sparse,qr,serial,coo,1000x1000x10,10000000,0.000000,0.995000,230.026,231.171,228.882,38.373488,1,0,10,76.2939,227.531,113.766,227.531,0.335312,0.670623,0.335312,1
dense_sparse,qr,openmp,coo,1000x1000x10,10000000,0.000000,0.995000,230.026,231.171,228.882,12.300289,1,0,10,76.2939,227.531,113.766,227.531,0.335312,0.670623,0.335312,1
dense_sparse,qr,cuda,coo,1000x1000x10,10000000,0.000000,0.995000,230.026,231.171,228.882,38.416825,1,0,10,76.2939,227.531,113.766,227.531,0.335312,0.670623,0.335312,1
dense_sparse,qr,hybrid,coo,1000x1000x10,10000000,0.000000,0.995000,230.026,231.171,228.882,25.093952,1,0,10,76.2939,227.531,113.766,227.531,0.335312,0.670623,0.335312,1
dense_sparse,qr,serial,ell,1000x1000x10,10000000,0.000000,0.995000,230.026,231.171,228.882,38.510379,1,10,0,76.2939,227.531,113.766,113.766,0.335312,0.670623,0.670623,1
dense_sparse,qr,openmp,ell,1000x1000x10,10000000,0.000000,0.995000,230.026,231.171,228.882,13.318266,1,10,0,76.2939,227.531,113.766,113.766,0.335312,0.670623,0.670623,1
dense_sparse,qr,cuda,ell,1000x1000x10,10000000,0.000000,0.995000,230.026,231.171,228.882,38.602338,1,10,0,76.2939,227.531,113.766,113.766,0.335312,0.670623,0.670623,1
dense_sparse,qr,hybrid,ell,1000x1000x10,10000000,0.000000,0.995000,230.026,231.171,228.882,31.646982,1,10,0,76.2939,227.531,113.766,113.766,0.335312,0.670623,0.670623,1
dense_sparse,svd,serial,coo,1000x1000x10,10000000,0.000000,0.995000,230.026,231.171,228.882,65.786262,1,0,10,76.2939,227.531,113.766,227.531,0.335312,0.670623,0.335312,1
dense_sparse,svd,openmp,coo,1000x1000x10,10000000,0.000000,0.995000,230.026,231.171,228.882,16.047621,1,0,10,76.2939,227.531,113.766,227.531,0.335312,0.670623,0.335312,1
dense_sparse,svd,cuda,coo,1000x1000x10,10000000,0.000000,0.995000,230.026,231.171,228.882,66.270599,1,0,10,76.2939,227.531,113.766,227.531,0.335312,0.670623,0.335312,1
dense_sparse,svd,hybrid,coo,1000x1000x10,10000000,0.000000,0.995000,230.026,231.171,228.882,39.493136,1,0,10,76.2939,227.531,113.766,227.531,0.335312,0.670623,0.335312,1
dense_sparse,svd,serial,ell,1000x1000x10,10000000,0.000000,0.995000,230.026,231.171,228.882,66.049523,1,10,0,76.2939,227.531,113.766,113.766,0.335312,0.670623,0.670623,1
dense_sparse,svd,openmp,ell,1000x1000x10,10000000,0.000000,0.995000,230.026,231.171,228.882,16.091937,1,10,0,76.2939,227.531,113.766,113.766,0.335312,0.670623,0.670623,1
dense_sparse,svd,cuda,ell,1000x1000x10,10000000,0.000000,0.995000,230.026,231.171,228.882,66.504845,1,10,0,76.2939,227.531,113.766,113.766,0.335312,0.670623,0.670623,1
dense_sparse,svd,hybrid,ell,1000x1000x10,10000000,0.000000,0.995000,230.026,231.171,228.882,39.923264,1,10,0,76.2939,227.531,113.766,113.766,0.335312,0.670623,0.670623,1
