mode,shape_class,tensor_shape,input_shape_a,input_shape_b,depth,storage_size_input,sparsity,working_set_mem_mib,min_time_sec,max_time_sec,sweep_load_imbalance,best_threads,worst_threads,best_thread_work_imbalance,worst_thread_work_imbalance,best_thread_time_imbalance,worst_thread_time_imbalance
omp,square,100x100x3,100x100x3,100x100x3,3,60000,0.99,0.014,0.000234083,0.00160378,5.8513305110,2,72,1,0,0.648552,0.0939913
hybrid,square,100x100x3,100x100x3,100x100x3,3,60000,0.99,0.014,0.000181773,0.0028369,14.6068282968,1,32,0,0,0,0.0674832
omp,tall,200x100x3,200x100x3,100x100x3,3,90000,0.99,0.021,0.000260596,0.00171695,5.5885508603,1,72,0,0,0,0.0189635
hybrid,tall,200x100x3,200x100x3,100x100x3,3,90000,0.99,0.021,0.000340198,0.00230629,5.7792579615,1,72,0,0,0,0.101776
omp,wide,100x200x3,100x100x3,100x200x3,3,90000,0.99,0.021,0.000292456,0.00292248,8.9928878190,4,64,0,0,0.0705589,0.316244
hybrid,wide,100x200x3,100x100x3,100x200x3,3,90000,0.99,0.021,0.000293117,0.00231738,6.9059897584,1,72,0,0,0,0.279057
omp,square,250x250x5,250x250x5,250x250x5,5,625000,0.99,0.144,0.0015241,0.0039104,1.5657109114,8,1,0,0,0.473701,0
hybrid,square,250x250x5,250x250x5,250x250x5,5,625000,0.99,0.144,0.00134771,0.00405901,2.0117829503,8,72,0,0,0.569305,0.279845
omp,tall,500x250x5,500x250x5,250x250x5,5,937500,0.99,0.216,0.00265659,0.00656199,1.4700800650,8,1,0,0,0.238766,0
hybrid,tall,500x250x5,500x250x5,250x250x5,5,937500,0.99,0.216,0.00239239,0.00583622,1.4394935608,8,72,0,0,0.24036,0.205071
omp,wide,250x500x5,250x250x5,250x500x5,5,937500,0.99,0.216,0.00273607,0.00605865,1.2143622056,8,1,0,0,0.257392,0
hybrid,wide,250x500x5,250x250x5,250x500x5,5,937500,0.99,0.216,0.002602,0.00612321,1.3532705611,8,1,0,0,0.378106,0
omp,square,500x500x10,500x500x10,500x500x10,10,5000000,0.99,1.150,0.0110464,0.0500412,3.5300912514,16,1,0,0,0.208822,0
hybrid,square,500x500x10,500x500x10,500x500x10,10,5000000,0.99,1.150,0.012169,0.0503236,3.1353932123,16,1,0,0,0.263032,0
omp,tall,1000x500x10,1000x500x10,500x500x10,10,7500000,0.99,1.728,0.0223453,0.114982,4.1456905927,16,1,0,0,0.237689,0
hybrid,tall,1000x500x10,1000x500x10,500x500x10,10,7500000,0.99,1.728,0.0223385,0.115047,4.1501667525,16,1,0,0,0.228736,0
omp,wide,500x1000x10,500x500x10,500x1000x10,10,7500000,0.99,1.728,0.0234853,0.116279,3.9511396491,16,1,0,0,0.277748,0
hybrid,wide,500x1000x10,500x500x10,500x1000x10,10,7500000,0.99,1.728,0.0227727,0.118123,4.1870441362,16,1,0,0,0.16533,0
omp,square,1000x1000x20,1000x1000x20,1000x1000x20,20,40000000,0.99,9.201,0.172374,1.14392,5.6362676506,32,1,0,0,0.337963,0
hybrid,square,1000x1000x20,1000x1000x20,1000x1000x20,20,40000000,0.99,9.201,0.171316,1.12747,5.5812300077,36,1,0,0,0.246262,0
omp,tall,1500x1000x20,1500x1000x20,1000x1000x20,20,50000000,0.99,11.513,0.268843,1.91441,6.1209218763,32,1,0,0,0.283481,0
hybrid,tall,1500x1000x20,1500x1000x20,1000x1000x20,20,50000000,0.99,11.513,0.265303,1.91193,6.2065902006,32,1,0,0,0.239401,0
omp,wide,1000x1500x20,1000x1000x20,1000x1500x20,20,50000000,0.99,11.513,0.259641,1.78228,5.8644012309,36,1,0,0,0.230871,0
hybrid,wide,1000x1500x20,1000x1000x20,1000x1500x20,20,50000000,0.99,11.513,0.259792,1.75533,5.7566745704,32,1,0,0,0.250814,0
omp,square,2000x2000x40,2000x2000x40,2000x2000x40,40,320000000,0.99,73.608,2.57158,24.2046,8.4123457174,64,1,0,0,0.462456,0
hybrid,square,2000x2000x40,2000x2000x40,2000x2000x40,40,320000000,0.99,73.608,2.55462,24.432,8.5638490265,72,1,0,0,0.343747,0
omp,tall,2666x2000x40,2666x2000x40,2000x2000x40,40,373280000,0.99,85.925,3.3676,35.0432,9.4059864592,72,1,0,0,0.513793,0
hybrid,tall,2666x2000x40,2666x2000x40,2000x2000x40,40,373280000,0.99,85.925,3.46082,35.1196,9.1477684479,64,1,0,0,0.47406,0
omp,wide,2000x2666x40,2000x2000x40,2000x2666x40,40,373280000,0.99,85.925,3.38916,35.0736,9.3487589845,64,1,0,0,0.40733,0
hybrid,wide,2000x2666x40,2000x2000x40,2000x2666x40,40,373280000,0.99,85.925,3.39062,34.7983,9.2631082221,64,1,0,0,0.442522,0
omp,square,3500x3500x70,3500x3500x70,3500x3500x70,70,1715000000,0.99,394.495,22.3026,353.89,14.8676566858,72,1,0,0,0.237673,0
hybrid,square,3500x3500x70,3500x3500x70,3500x3500x70,70,1715000000,0.99,394.495,21.9727,351.395,14.9923450464,72,1,0,0,0.45332,0
omp,tall,4375x3500x70,4375x3500x70,3500x3500x70,70,1929375000,0.99,444.052,28.3632,475.965,15.7810754781,72,1,0,0,0.453478,0
hybrid,tall,4375x3500x70,4375x3500x70,3500x3500x70,70,1929375000,0.99,444.052,28.4559,474.379,15.6706728657,72,1,0,0,0.394667,0
omp,wide,3500x4375x70,3500x3500x70,3500x4375x70,70,1929375000,0.99,444.052,28.3029,468.516,15.5536393797,72,1,0,0,0.411158,0
hybrid,wide,3500x4375x70,3500x3500x70,3500x4375x70,70,1929375000,0.99,444.052,28.0299,463.035,15.5193240076,72,1,0,0,0.241623,0
omp,square,5000x5000x100,5000x5000x100,5000x5000x100,100,5000000000,0.99,1150.131,99.0383,1829.71,17.4747718812,64,1,1,0,0.669324,0
hybrid,square,5000x5000x100,5000x5000x100,5000x5000x100,100,5000000000,0.99,1150.131,98.21,1803.16,17.3602484472,64,1,1,0,0.681825,0
